Month,Year,Region,Population,Croup,Scarlet Fever,Measles,Whooping Cough,Pneumonia,"Diarrheal Diseases, Under 5 Years",Cerebro-Spinal Fever,Influenza,Puerperal Septicemia,Cancer,Violence,Smallpox
January,1902,Indiana (statewide),2516462,7,23,2,18,427,20,16,64,12,83,117,5
January,1902,Northern counties,839835,1,6,1,3,111,9,3,11,6,26,43,1
January,1902,Central counties,1024791,3,16,1,3,185,9,5,24,3,38,45,0
January,1902,Southern counties,651836,3,1,0,12,131,2,8,29,3,19,29,4
January,1902,Urban,857840,3,4,1,7,146,9,2,13,5,39,50,1
January,1902,Rural,1658622,4,19,1,11,281,11,14,51,7,44,67,4
January,1902,"Cities, class 1",228171,1,2,0,1,32,1,0,4,2,11,8,0
January,1902,"Cities, class 2",116787,0,0,0,2,19,1,0,0,1,10,5,0
January,1902,"Cities, class 3",218623,1,2,1,1,33,5,2,3,0,11,25,0
January,1902,"Cities, class 4",161751,0,0,0,3,39,1,0,4,2,2,9,0
January,1902,"Cities, class 5",131508,1,0,0,0,23,1,0,2,0,5,3,1
February,1902,Indiana (statewide),2516462,5,19,6,12,512,13,21,84,17,92,119,2
February,1902,Northern counties,839835,3,8,2,1,138,6,10,22,6,26,30,1
February,1902,Central counties,1024791,2,8,2,4,222,4,11,43,5,48,51,1
February,1902,Southern counties,651836,0,3,2,7,152,3,0,19,6,18,38,0
February,1902,Urban,857840,2,8,2,3,170,5,5,31,4,35,56,1
February,1902,Rural,1658622,3,11,4,9,342,8,16,53,13,57,63,1
February,1902,"Cities, class 1",228171,0,3,0,0,50,0,1,6,0,13,9,0
February,1902,"Cities, class 2",116787,0,1,0,1,22,1,0,5,0,6,7,0
February,1902,"Cities, class 3",218623,1,3,2,0,38,2,1,6,2,7,21,1
February,1902,"Cities, class 4",161751,0,1,0,2,39,1,3,10,0,4,9,0
February,1902,"Cities, class 5",131508,1,0,0,0,21,1,0,4,2,5,10,0
March,1902,Indiana (statewide),2516462,4,18,22,16,470,9,21,59,21,82,127,2
March,1902,Northern counties,839835,1,6,2,6,134,5,9,20,7,33,51,0
March,1902,Central counties,1024791,3,12,15,2,202,1,9,26,10,29,53,2
March,1902,Southern counties,651836,0,0,5,8,134,3,3,13,4,20,23,0
March,1902,Urban,857840,3,9,6,4,172,4,10,19,10,35,69,1
March,1902,Rural,1658622,1,9,16,12,298,5,11,40,11,47,58,1
March,1902,"Cities, class 1",228171,0,3,0,0,35,1,2,4,2,5,16,0
March,1902,"Cities, class 2",116787,0,2,1,1,33,1,3,2,4,8,14,0
March,1902,"Cities, class 3",218623,3,3,1,1,51,0,3,5,3,10,16,0
March,1902,"Cities, class 4",161751,0,1,2,2,18,0,2,4,0,10,15,1
March,1902,"Cities, class 5",131508,0,0,2,0,35,2,0,4,1,2,8,0
April,1902,Indiana (statewide),2516462,4,12,12,20,352,22,30,37,14,82,118,6
April,1902,Northern counties,839835,2,5,3,5,98,8,5,16,1,30,36,0
April,1902,Central counties,1024791,2,4,8,5,159,8,15,12,8,33,52,3
April,1902,Southern counties,651836,0,3,1,10,95,6,10,9,5,19,30,3
April,1902,Urban,857840,1,4,5,11,147,14,13,14,7,37,54,2
April,1902,Rural,1658622,3,8,7,9,205,8,17,23,7,45,64,4
April,1902,"Cities, class 1",228171,1,0,0,2,44,5,3,5,1,10,12,1
April,1902,"Cities, class 2",116787,0,0,0,2,18,1,1,2,2,7,8,0
April,1902,"Cities, class 3",218623,0,1,1,1,39,4,5,3,3,8,13,1
April,1902,"Cities, class 4",161751,0,3,3,6,26,1,2,1,0,6,10,0
April,1902,"Cities, class 5",131508,0,0,1,0,20,3,2,3,1,6,11,0
May,1902,Indiana (statewide),2516462,4,5,19,14,192,30,21,14,16,104,140,1
May,1902,Northern counties,839835,0,4,5,6,68,7,5,3,8,29,41,0
May,1902,Central counties,1024791,4,1,13,4,73,9,11,6,6,51,61,0
May,1902,Southern counties,651836,0,0,1,4,51,14,5,5,2,24,38,1
May,1902,Urban,857840,2,5,8,4,92,12,8,7,6,51,62,0
May,1902,Rural,1658622,2,0,11,10,100,18,13,7,10,53,78,1
May,1902,"Cities, class 1",228171,1,0,0,1,16,6,0,0,0,14,13,0
May,1902,"Cities, class 2",116787,0,1,2,3,18,1,1,1,0,3,12,0
May,1902,"Cities, class 3",218623,1,3,4,0,19,2,1,2,3,13,21,0
May,1902,"Cities, class 4",161751,0,0,2,0,24,2,3,3,2,13,7,0
May,1902,"Cities, class 5",131508,0,1,0,0,15,1,3,1,1,8,9,0
June,1902,Indiana (statewide),2516462,3,3,9,13,83,98,12,5,2,93,158,2
June,1902,Northern counties,839835,2,0,3,3,32,14,1,3,1,35,46,0
June,1902,Central counties,1024791,1,3,4,4,30,41,6,1,1,44,75,2
June,1902,Southern counties,651836,0,0,2,6,21,43,5,1,0,14,37,0
June,1902,Urban,857840,2,2,3,6,43,55,7,2,0,45,71,0
June,1902,Rural,1658622,1,1,6,7,40,43,5,3,2,48,87,2
June,1902,"Cities, class 1",228171,1,0,0,1,11,26,2,1,0,11,18,0
June,1902,"Cities, class 2",116787,0,0,0,2,10,9,1,0,0,11,13,0
June,1902,"Cities, class 3",218623,0,2,1,2,10,11,2,0,0,11,21,0
June,1902,"Cities, class 4",161751,1,0,0,1,8,7,0,0,0,6,11,0
June,1902,"Cities, class 5",131508,0,0,2,0,4,2,2,1,0,6,8,0
July,1902,Indiana (statewide),2516462,0,6,6,15,60,433,15,7,6,125,142,15
July,1902,Northern counties,839835,0,4,4,5,19,91,3,2,1,31,45,1
July,1902,Central counties,1024791,0,0,2,5,28,207,5,4,2,56,61,12
July,1902,Southern counties,651836,0,2,0,5,13,135,7,1,3,38,36,2
July,1902,Urban,857840,0,5,4,6,26,178,4,4,2,59,59,1
July,1902,Rural,1658622,0,1,2,9,34,255,11,3,4,66,83,14
July,1902,"Cities, class 1",228171,0,0,0,2,4,50,0,1,0,14,22,0
July,1902,"Cities, class 2",116787,0,2,1,0,3,20,0,0,0,7,7,0
July,1902,"Cities, class 3",218623,0,1,2,2,8,41,3,0,1,15,17,1
July,1902,"Cities, class 4",161751,0,1,0,1,6,35,1,3,1,14,6,0
July,1902,"Cities, class 5",131508,0,1,1,1,5,32,0,0,0,9,7,0
August,1902,Indiana (statewide),2516462,0,7,5,20,69,550,25,2,5,104,129,2
August,1902,Northern counties,839835,0,3,1,4,23,209,4,1,4,38,41,0
August,1902,Central counties,1024791,0,4,4,8,37,221,12,0,0,43,62,2
August,1902,Southern counties,651836,0,0,0,8,9,120,9,1,1,23,26,0
August,1902,Urban,857840,0,4,2,9,39,174,11,1,4,46,61,0
August,1902,Rural,1658622,0,3,3,11,30,376,14,1,1,58,68,2
August,1902,"Cities, class 1",228171,0,0,0,2,6,20,3,0,0,15,17,0
August,1902,"Cities, class 2",116787,0,1,1,0,7,42,1,0,0,4,11,0
August,1902,"Cities, class 3",218623,0,0,0,3,15,40,3,0,1,14,22,0
August,1902,"Cities, class 4",161751,0,1,1,1,6,33,1,1,1,7,7,0
August,1902,"Cities, class 5",131508,0,2,0,3,5,39,3,0,2,6,4,0
September,1902,Indiana (statewide),2516462,3,7,0,16,112,322,24,6,17,114,105,3
September,1902,Northern counties,839835,0,2,0,3,32,124,7,3,12,40,36,2
September,1902,Central counties,1024791,3,4,0,7,54,100,11,2,3,48,50,1
September,1902,Southern counties,651836,0,1,0,6,26,98,6,1,2,26,19,0
September,1902,Urban,857840,2,4,0,5,56,121,6,2,11,49,50,3
September,1902,Rural,1658622,1,3,0,11,56,201,18,4,6,65,55,0
September,1902,"Cities, class 1",228171,1,0,0,1,18,25,1,0,0,10,13,1
September,1902,"Cities, class 2",117787,0,0,0,2,6,19,2,0,2,7,5,0
September,1902,"Cities, class 3",218623,0,0,0,0,14,29,3,1,4,21,18,0
September,1902,"Cities, class 4",161751,0,3,0,2,9,29,0,1,4,8,8,1
September,1902,"Cities, class 5",131508,1,1,0,0,9,19,0,0,1,3,6,1
October,1902,Indiana (statewide),2516462,4,20,0,4,157,122,18,16,4,95,146,12
October,1902,Northern counties,839835,0,7,0,1,43,37,4,4,0,35,42,9
October,1902,Central counties,1024791,3,6,0,0,74,41,8,3,1,37,68,3
October,1902,Southern counties,651836,1,7,0,3,40,44,6,9,3,23,36,0
October,1902,Urban,857840,4,9,0,0,80,51,5,4,2,44,78,11
October,1902,Rural,1658622,0,11,0,4,77,71,13,12,2,51,68,1
October,1902,"Cities, class 1",228171,1,1,0,0,21,10,1,0,1,14,22,0
October,1902,"Cities, class 2",117787,0,3,0,0,9,10,3,1,0,8,13,2
October,1902,"Cities, class 3",218623,1,0,0,0,21,12,1,0,1,7,16,0
October,1902,"Cities, class 4",161751,1,0,0,0,15,14,0,1,0,9,17,8
October,1902,"Cities, class 5",131508,1,5,0,0,14,5,0,2,0,6,10,1
November,1902,Indiana (statewide),2516462,4,24,0,12,181,51,15,7,10,94,126,2
November,1902,Northern counties,839835,0,9,0,5,51,13,3,1,1,27,35,1
November,1902,Central counties,1024791,1,8,0,5,90,18,6,6,7,41,70,1
November,1902,Southern counties,651836,3,7,0,2,40,20,6,0,2,26,21,0
November,1902,Urban,857840,1,9,0,5,105,22,6,2,7,52,73,2
November,1902,Rural,1658622,3,15,0,7,76,29,9,5,3,42,53,0
November,1902,"Cities, class 1",228171,0,0,0,2,28,7,2,0,2,11,28,0
November,1902,"Cities, class 2",117787,0,0,0,0,13,3,0,0,0,8,14,0
November,1902,"Cities, class 3",218623,0,0,0,0,17,2,2,0,0,15,14,0
November,1902,"Cities, class 4",161751,0,3,0,2,27,8,1,2,2,4,8,2
November,1902,"Cities, class 5",131508,1,6,0,1,20,2,1,0,3,14,9,0
December,1902,Indiana (statewide),2516462,9,11,1,18,267,23,14,19,8,96,120,17
December,1902,Northern counties,839835,0,3,1,5,77,11,8,5,1,36,33,2
December,1902,Central counties,1024791,3,5,0,12,100,6,2,5,2,38,58,15
December,1902,Southern counties,651836,6,3,0,1,90,6,4,9,5,22,29,0
December,1902,Urban,857840,1,4,0,6,97,8,9,1,1,45,47,16
December,1902,Rural,1658622,8,7,1,12,170,15,5,18,7,51,73,1
December,1902,"Cities, class 1",228171,0,0,0,2,24,1,1,0,1,12,14,15
December,1902,"Cities, class 2",117787,0,1,0,0,13,3,0,0,0,5,7,0
December,1902,"Cities, class 3",218623,0,2,0,2,22,2,5,0,0,8,13,0
December,1902,"Cities, class 4",161751,1,1,0,0,17,1,3,0,0,12,11,0
December,1902,"Cities, class 5",131508,0,0,0,2,21,1,0,1,0,8,2,1
January,1903,Indiana (statewide),2516462,5,23,0,19,410,11,33,39,12,88,126,50
January,1903,Northern counties,839835,1,6,0,5,126,4,17,18,5,34,46,1
January,1903,Central counties,1024791,0,5,0,6,170,5,7,16,6,36,53,46
January,1903,Southern counties,651836,4,12,0,8,114,2,9,5,1,18,27,3
January,1903,Urban,857840,1,6,0,6,160,1,6,10,3,36,63,48
January,1903,Rural,1658622,4,17,0,13,250,10,27,29,9,52,63,2
January,1903,"Cities, class 1",228171,0,2,0,0,49,0,0,1,1,10,11,36
January,1903,"Cities, class 2",117787,0,0,0,1,19,0,2,1,2,2,11,0
January,1903,"Cities, class 3",218623,0,0,0,4,43,1,0,4,0,8,17,1
January,1903,"Cities, class 4",161751,0,4,0,0,30,0,2,2,0,8,16,1
January,1903,"Cities, class 5",131508,1,0,0,1,19,0,2,2,0,8,8,10
February,1903,Indiana (statewide),2516462,1,14,5,12,399,23,22,56,12,92,80,50
February,1903,Northern counties,839835,0,5,5,2,126,11,7,14,7,28,23,4
February,1903,Central counties,1024791,0,8,0,9,167,3,7,24,2,43,46,43
February,1903,Southern counties,651836,1,1,0,1,106,9,8,18,3,21,11,3
February,1903,Urban,857840,0,5,2,5,156,10,8,17,5,44,40,43
February,1903,Rural,1658622,1,9,3,7,243,13,14,39,7,48,40,7
February,1903,"Cities, class 1",228171,0,2,0,3,38,1,1,2,1,7,11,39
February,1903,"Cities, class 2",117787,0,1,0,0,20,2,0,2,0,10,8,0
February,1903,"Cities, class 3",218623,0,0,0,1,43,2,5,5,2,14,12,2
February,1903,"Cities, class 4",161751,0,2,2,0,30,4,1,4,1,4,4,1
February,1903,"Cities, class 5",131508,0,0,0,1,25,1,1,4,1,9,5,1
March,1903,Indiana (statewide),2516462,3,11,7,24,402,21,18,88,11,92,120,28
March,1903,Northern counties,839835,0,2,6,8,144,7,5,26,1,28,41,4
March,1903,Central counties,1024791,2,5,1,10,172,5,10,42,8,47,46,22
March,1903,Southern counties,651836,1,4,0,6,86,9,3,20,2,17,33,2
March,1903,Urban,857840,2,2,3,9,186,9,5,37,5,45,67,22
March,1903,Rural,1658622,1,9,4,15,216,12,13,51,6,47,53,6
March,1903,"Cities, class 1",228171,1,1,1,2,52,1,1,9,1,12,17,17
March,1903,"Cities, class 2",117787,0,0,1,0,27,0,1,5,0,5,6,0
March,1903,"Cities, class 3",218623,0,1,0,2,49,3,1,8,1,11,18,2
March,1903,"Cities, class 4",161751,1,0,0,3,29,2,2,8,2,12,12,3
March,1903,"Cities, class 5",131508,0,0,1,2,29,3,0,7,1,5,14,0
April,1903,Indiana (statewide),2516462,4,8,13,23,317,16,22,65,16,94,130,21
April,1903,Northern counties,839835,3,4,11,11,120,8,5,19,7,29,38,0
April,1903,Central counties,1024791,1,3,2,8,122,2,9,29,5,39,58,13
April,1903,Southern counties,651836,0,1,0,4,75,6,8,17,4,26,34,8
April,1903,Urban,857840,2,4,5,12,126,10,7,21,11,44,57,7
April,1903,Rural,1658622,2,4,8,11,191,6,15,44,5,50,73,14
April,1903,"Cities, class 1",228171,0,1,0,3,23,0,2,4,2,13,15,5
April,1903,"Cities, class 2",117787,0,0,2,1,23,2,2,3,3,9,11,0
April,1903,"Cities, class 3",218623,0,0,2,3,38,3,1,5,4,13,11,0
April,1903,"Cities, class 4",161751,1,1,1,2,26,2,2,6,2,5,11,1
April,1903,"Cities, class 5",131508,1,2,0,3,16,3,0,3,0,4,9,1
May,1903,Indiana (statewide),2516462,1,5,18,18,209,25,30,36,15,80,140,10
May,1903,Northern counties,839835,1,3,15,9,74,9,7,11,4,28,42,1
May,1903,Central counties,1024791,0,0,2,6,85,9,18,16,7,35,57,5
May,1903,Southern counties,651836,0,2,1,3,50,7,5,9,4,17,41,4
May,1903,Urban,857840,1,4,12,7,89,12,12,11,10,37,62,6
May,1903,Rural,1658622,0,1,6,11,120,13,18,25,5,43,78,4
May,1903,"Cities, class 1",228171,0,1,0,2,16,2,5,0,4,11,17,2
May,1903,"Cities, class 2",117787,1,1,3,2,11,1,0,2,2,5,10,1
May,1903,"Cities, class 3",218623,0,1,7,0,28,5,2,4,4,12,14,0
May,1903,"Cities, class 4",161751,0,1,1,0,19,3,3,3,0,5,13,1
May,1903,"Cities, class 5",131508,0,0,1,3,15,1,2,2,0,4,8,2
June,1903,Indiana (statewide),2516462,0,7,9,24,124,75,24,11,8,96,133,4
June,1903,Northern counties,839835,0,4,5,11,51,19,7,4,1,31,51,0
June,1903,Central counties,1024791,0,2,2,9,52,23,9,5,6,47,51,1
June,1903,Southern counties,651836,0,1,2,4,21,33,8,2,1,18,31,3
June,1903,Urban,857840,0,3,2,12,63,41,9,4,3,39,58,2
June,1903,Rural,1658622,0,4,7,12,61,34,15,7,5,57,75,2
June,1903,"Cities, class 1",228171,0,0,1,3,15,17,3,0,1,11,14,0
June,1903,"Cities, class 2",117787,0,0,0,2,12,6,2,2,0,1,13,0
June,1903,"Cities, class 3",218623,0,1,1,1,14,8,3,1,0,10,18,0
June,1903,"Cities, class 4",161751,0,1,0,5,15,8,0,0,2,9,6,1
June,1903,"Cities, class 5",131508,0,1,0,1,7,2,1,1,0,8,7,1
July,1903,Indiana (statewide),2516462,2,12,6,14,77,313,30,11,15,108,199,4
July,1903,Northern counties,839835,1,5,2,3,29,63,5,5,6,41,48,0
July,1903,Central counties,1024791,0,4,2,9,33,144,16,4,7,51,78,1
July,1903,Southern counties,651836,1,3,2,2,15,106,9,2,2,16,73,3
July,1903,Urban,857840,1,7,3,7,42,150,14,4,8,49,91,4
July,1903,Rural,1658622,1,5,3,7,35,163,16,7,7,59,108,0
July,1903,"Cities, class 1",228171,0,2,1,4,16,55,4,2,2,16,38,1
July,1903,"Cities, class 2",117787,0,2,0,1,8,29,1,2,0,6,9,0
July,1903,"Cities, class 3",218623,1,1,0,0,12,34,3,0,5,10,18,0
July,1903,"Cities, class 4",161751,0,1,2,2,5,15,4,0,1,12,18,3
July,1903,"Cities, class 5",131508,0,1,0,0,1,17,2,0,0,5,8,0
August,1903,Indiana (statewide),2516462,1,8,3,10,79,451,37,10,9,124,165,12
August,1903,Northern counties,839835,0,3,3,5,22,176,12,5,6,41,63,1
August,1903,Central counties,1024791,1,1,0,2,40,190,18,5,3,50,58,2
August,1903,Southern counties,651836,0,4,0,3,17,85,7,0,0,33,44,9
August,1903,Urban,857840,0,2,1,6,37,186,17,3,6,47,77,10
August,1903,Rural,1658622,1,6,2,4,42,265,20,7,3,77,88,2
August,1903,"Cities, class 1",228171,0,0,0,0,16,39,2,0,1,12,26,0
August,1903,"Cities, class 2",117787,0,0,0,2,4,28,5,0,2,7,14,0
August,1903,"Cities, class 3",218623,0,1,1,1,12,52,3,1,2,12,19,1
August,1903,"Cities, class 4",161751,0,0,0,1,4,39,4,0,1,9,14,8
August,1903,"Cities, class 5",131508,0,1,0,2,1,28,3,2,0,7,4,1
September,1903,Indiana (statewide),2516462,3,15,6,5,110,265,32,3,12,92,184,2
September,1903,Northern counties,839835,0,5,2,3,32,117,10,3,4,26,59,0
September,1903,Central counties,1024791,1,6,4,1,58,105,12,0,2,44,84,0
September,1903,Southern counties,651836,2,4,0,1,20,43,10,0,6,22,41,2
September,1903,Urban,857840,2,5,0,3,51,101,18,1,7,39,97,1
September,1903,Rural,1658622,1,10,6,2,59,164,14,2,5,53,87,1
September,1903,"Cities, class 1",228171,0,1,0,0,22,19,4,0,1,12,26,0
September,1903,"Cities, class 2",117787,0,3,0,0,8,14,3,0,1,3,11,0
September,1903,"Cities, class 3",218623,1,0,0,1,10,28,5,1,0,8,28,0
September,1903,"Cities, class 4",161751,0,0,0,1,4,16,4,0,3,8,14,1
September,1903,"Cities, class 5",131508,1,1,0,1,7,24,2,0,2,8,18,0
October,1903,Indiana (statewide),2516462,6,12,5,8,132,135,25,8,10,105,146,1
October,1903,Northern counties,839835,3,2,2,1,44,52,13,0,1,34,46,0
October,1903,Central counties,1024791,2,4,2,5,65,46,9,7,3,41,68,0
October,1903,Southern counties,651836,1,6,1,2,23,37,3,1,6,30,32,1
October,1903,Urban,857840,2,7,0,2,68,60,15,5,2,47,78,0
October,1903,Rural,1658622,4,5,5,6,64,75,10,3,8,58,68,1
October,1903,"Cities, class 1",228171,0,1,0,1,18,14,0,1,0,11,27,0
October,1903,"Cities, class 2",117787,0,2,0,0,9,7,4,0,0,9,11,0
October,1903,"Cities, class 3",218623,1,0,0,0,21,15,5,1,1,12,21,0
October,1903,"Cities, class 4",161751,0,0,0,1,10,19,6,3,1,9,9,0
October,1903,"Cities, class 5",131508,1,4,0,0,10,5,0,0,0,6,10,0
November,1903,Indiana (statewide),2516462,4,18,6,6,241,35,20,11,11,94,163,1
November,1903,Northern counties,839835,1,11,2,3,79,7,10,4,5,23,57,0
November,1903,Central counties,1024791,0,3,3,1,102,15,6,1,4,52,67,1
November,1903,Southern counties,651836,3,4,1,2,60,13,4,6,2,19,39,0
November,1903,Urban,857840,0,10,3,0,126,13,7,7,6,38,68,0
November,1903,Rural,1658622,4,8,3,6,115,22,13,4,5,56,95,1
November,1903,"Cities, class 1",228171,0,1,1,0,33,6,1,0,3,10,15,0
November,1903,"Cities, class 2",117787,0,0,0,0,17,2,2,0,1,9,6,0
November,1903,"Cities, class 3",218623,0,0,0,0,37,3,2,1,1,9,18,0
November,1903,"Cities, class 4",161751,0,2,0,0,24,1,1,1,0,5,16,0
November,1903,"Cities, class 5",131508,0,7,2,0,15,1,1,5,1,5,13,0
December,1903,Indiana (statewide),2516462,4,34,8,3,392,23,34,35,10,91,153,2
December,1903,Northern counties,839835,2,13,0,1,123,9,14,14,7,33,51,0
December,1903,Central counties,1024791,1,13,2,2,169,9,10,10,0,36,60,1
December,1903,Southern counties,651836,1,8,6,0,100,5,10,11,3,22,42,1
December,1903,Urban,857840,0,11,3,0,200,7,15,19,3,38,68,1
December,1903,Rural,1658622,4,23,5,3,192,16,19,16,7,53,85,1
December,1903,"Cities, class 1",228171,0,3,2,0,59,1,1,6,1,10,21,0
December,1903,"Cities, class 2",117787,0,3,0,0,33,2,0,0,1,9,13,1
December,1903,"Cities, class 3",218623,0,2,0,0,58,2,8,9,1,6,20,0
December,1903,"Cities, class 4",161751,0,1,0,0,28,2,5,2,0,5,9,0
December,1903,"Cities, class 5",131508,0,2,1,0,22,0,1,2,0,8,5,0
January,1904,Indiana (statewide),2516462,5,25,38,7,540,23,41,50,15,103,132,8
January,1904,Northern counties,839835,2,15,6,1,161,6,13,17,5,42,36,1
January,1904,Central counties,1024791,0,5,18,4,250,13,20,20,7,42,70,4
January,1904,Southern counties,651836,3,5,14,2,129,4,8,13,3,19,26,3
January,1904,Urban,857840,0,10,9,1,216,12,20,15,8,33,65,3
January,1904,Rural,1658622,5,15,29,6,324,11,21,35,7,70,67,5
January,1904,"Cities, class 1",228171,0,0,6,1,69,4,7,3,2,12,15,0
January,1904,"Cities, class 2",117787,0,2,0,0,26,1,1,1,0,8,11,3
January,1904,"Cities, class 3",218623,0,4,2,0,51,6,5,6,4,8,20,0
January,1904,"Cities, class 4",161751,0,2,0,0,38,0,4,4,2,3,9,0
January,1904,"Cities, class 5",131508,0,2,1,0,32,1,3,1,0,2,10,0
February,1904,Indiana (statewide),2516462,3,23,38,4,711,31,41,116,25,78,142,5
February,1904,Northern counties,839835,2,11,5,1,214,11,6,32,13,23,59,1
February,1904,Central counties,1024791,1,7,19,2,267,10,19,43,10,35,63,3
February,1904,Southern counties,651836,0,5,14,1,230,10,16,41,2,20,20,1
February,1904,Urban,863340,1,9,11,0,286,20,19,26,9,39,80,2
February,1904,Rural,1653122,2,14,27,4,425,11,22,90,16,39,62,3
February,1904,"Cities, class 1",228171,0,3,2,0,82,3,2,5,1,10,20,0
February,1904,"Cities, class 2",117787,0,1,1,0,38,2,1,2,2,1,17,0
February,1904,"Cities, class 3",218623,1,2,4,0,63,2,3,8,1,15,18,0
February,1904,"Cities, class 4",167251,0,1,2,0,56,10,4,6,3,5,16,2
February,1904,"Cities, class 5",131508,0,2,2,0,47,3,9,5,2,8,9,0
March,1904,Indiana (statewide),2516462,2,32,46,11,758,38,67,153,14,99,141,3
March,1904,Northern counties,839835,0,18,12,0,199,14,14,51,5,36,46,0
March,1904,Central counties,1024791,1,9,20,3,334,17,38,75,6,42,67,2
March,1904,Southern counties,651836,1,5,14,8,225,7,15,27,3,21,28,1
March,1904,Urban,863340,1,19,7,3,296,20,29,54,6,46,63,2
March,1904,Rural,1653122,1,13,39,8,462,18,38,99,8,53,78,1
March,1904,"Cities, class 1",228171,1,1,1,0,79,2,4,7,2,13,22,0
March,1904,"Cities, class 2",117787,0,5,1,0,43,1,5,7,1,4,7,0
March,1904,"Cities, class 3",218623,0,3,3,1,81,4,4,11,0,13,12,1
March,1904,"Cities, class 4",167251,0,6,1,1,54,5,8,14,2,10,12,1
March,1904,"Cities, class 5",131508,0,4,1,1,39,8,8,15,1,6,10,0
April,1904,Indiana (statewide),2656404,3,21,40,14,557,23,41,72,24,89,134,6
April,1904,Northern counties,889376,0,11,5,5,164,7,10,19,11,35,47,1
April,1904,Central counties,1093418,2,5,17,5,222,5,20,29,5,34,52,2
April,1904,Southern counties,673610,1,5,18,4,171,11,11,24,8,20,35,3
April,1904,Urban,918283,1,8,14,3,236,10,17,23,6,45,60,3
April,1904,Rural,1738121,2,13,26,11,321,13,24,49,18,44,74,3
April,1904,"Cities, class 1",252515,1,0,2,1,55,1,4,4,0,15,18,0
April,1904,"Cities, class 2",126969,0,1,4,1,36,1,4,1,0,7,8,3
April,1904,"Cities, class 3",235662,0,5,2,0,58,3,6,4,1,14,15,0
April,1904,"Cities, class 4",174500,0,1,5,0,55,3,1,8,2,6,13,0
April,1904,"Cities, class 5",128637,0,1,1,1,32,2,2,6,3,3,6,0
May,1904,Indiana (statewide),2656404,4,14,34,5,319,31,34,17,17,96,150,6
May,1904,Northern counties,889376,2,5,11,2,97,13,13,6,9,22,30,1
May,1904,Central counties,1093418,1,3,9,2,141,11,10,7,6,42,79,1
May,1904,Southern counties,673610,1,6,14,1,81,7,11,4,2,32,41,4
May,1904,Urban,918283,1,6,8,2,147,14,10,7,7,44,72,3
May,1904,Rural,1738121,3,8,26,3,172,17,24,10,10,52,78,3
May,1904,"Cities, class 1",252515,0,1,0,0,42,2,5,2,0,11,15,0
May,1904,"Cities, class 2",126969,0,0,0,1,22,2,1,1,1,5,11,0
May,1904,"Cities, class 3",235662,0,1,2,1,29,5,1,1,3,12,19,0
May,1904,"Cities, class 4",174500,1,2,2,0,23,3,2,2,3,10,16,3
May,1904,"Cities, class 5",128637,0,2,4,0,31,2,1,1,0,6,11,0
June,1904,Indiana (statewide),2656404,1,9,10,6,106,53,14,10,11,71,125,3
June,1904,Northern counties,889376,0,4,1,2,25,19,3,2,2,26,32,0
June,1904,Central counties,1093418,0,4,4,1,44,15,4,8,4,34,55,0
June,1904,Southern counties,673610,1,1,5,3,37,19,7,0,5,11,38,3
June,1904,Urban,922372,0,7,5,2,39,35,5,2,2,30,61,3
June,1904,Rural,1734032,1,2,5,4,67,18,9,8,9,41,64,0
June,1904,"Cities, class 1",252515,0,0,0,1,11,6,2,0,0,13,17,0
June,1904,"Cities, class 2",126969,0,2,1,1,4,10,1,0,0,4,9,0
June,1904,"Cities, class 3",235662,0,3,0,0,6,9,1,1,2,6,18,0
June,1904,"Cities, class 4",182000,0,1,2,0,12,8,1,0,0,3,12,3
June,1904,"Cities, class 5",125226,0,1,2,0,6,2,0,1,0,4,5,0
July,1904,Indiana (statewide),2656404,2,5,4,6,85,296,29,5,10,116,189,5
July,1904,Northern counties,889376,1,0,1,3,27,39,5,2,5,35,63,2
July,1904,Central counties,1093418,1,1,2,2,32,114,16,2,3,46,82,0
July,1904,Southern counties,673610,0,4,1,1,26,143,8,1,2,35,44,3
July,1904,Urban,922372,1,1,2,4,39,147,15,1,4,56,95,2
July,1904,Rural,1734032,1,4,2,2,46,149,14,4,6,60,94,3
July,1904,"Cities, class 1",252515,0,0,0,0,17,53,3,0,0,15,29,0
July,1904,"Cities, class 2",126969,0,0,0,1,5,23,5,0,0,6,16,0
July,1904,"Cities, class 3",235662,0,0,0,1,11,31,3,0,3,15,21,0
July,1904,"Cities, class 4",182000,1,1,1,2,5,27,3,0,1,11,18,2
July,1904,"Cities, class 5",125226,0,0,1,0,1,13,1,1,0,9,11,0
August,1904,Indiana (statewide),2656404,1,6,4,10,61,473,34,4,13,103,175,3
August,1904,Northern counties,889376,0,1,3,2,20,123,8,0,6,40,56,2
August,1904,Central counties,1093418,0,2,0,1,25,189,13,3,4,41,77,0
August,1904,Southern counties,673610,1,3,1,7,16,161,13,1,3,22,42,1
August,1904,Urban,922372,0,1,2,4,17,229,17,1,1,34,91,2
August,1904,Rural,1734032,1,5,2,6,44,244,17,3,12,69,84,1
August,1904,"Cities, class 1",252515,0,0,0,2,6,43,6,0,1,10,24,0
August,1904,"Cities, class 2",126969,0,0,0,0,3,25,5,0,0,10,10,0
August,1904,"Cities, class 3",235662,0,0,1,2,3,70,1,0,0,7,22,0
August,1904,"Cities, class 4",182000,0,0,0,0,4,55,2,0,0,7,24,2
August,1904,"Cities, class 5",125226,0,1,1,0,1,36,3,1,0,0,11,0
September,1904,Indiana (statewide),2656404,0,6,2,7,73,319,34,1,13,115,146,12
September,1904,Northern counties,889376,0,2,1,0,30,115,20,0,2,44,51,0
September,1904,Central counties,1093418,0,0,0,3,28,112,9,1,6,55,69,12
September,1904,Southern counties,673610,0,4,1,4,15,92,5,0,5,16,26,0
September,1904,Urban,922372,0,2,1,5,37,122,10,0,4,52,85,10
September,1904,Rural,1734032,0,4,1,2,36,197,24,1,9,63,61,2
September,1904,"Cities, class 1",252515,0,0,0,2,12,16,0,0,1,11,23,0
September,1904,"Cities, class 2",126969,0,0,0,0,5,23,0,0,1,7,14,10
September,1904,"Cities, class 3",235662,0,2,0,1,10,35,3,0,0,14,25,0
September,1904,"Cities, class 4",182000,0,0,0,2,9,33,4,0,1,8,9,0
September,1904,"Cities, class 5",125226,0,0,1,0,1,15,3,0,1,12,14,0
October,1904,Indiana (statewide),2656404,0,11,2,16,113,204,23,4,6,103,148,18
October,1904,Northern counties,889376,0,4,1,6,36,67,9,1,3,39,52,1
October,1904,Central counties,1093418,0,2,1,5,36,77,8,2,1,37,57,10
October,1904,Southern counties,673610,0,5,0,5,41,60,6,1,2,27,39,7
October,1904,Urban,922372,0,3,1,6,46,75,7,1,4,51,72,10
October,1904,Rural,1734032,0,8,1,10,67,129,16,3,2,52,76,8
October,1904,"Cities, class 1",252515,0,0,0,0,18,14,0,1,1,10,13,0
October,1904,"Cities, class 2",126969,0,0,0,1,5,9,2,0,1,13,10,7
October,1904,"Cities, class 3",235662,0,2,1,2,5,25,1,0,2,7,20,0
October,1904,"Cities, class 4",182000,0,1,0,2,11,16,4,0,0,11,24,3
October,1904,"Cities, class 5",125226,0,0,0,1,7,11,0,0,0,10,5,0
November,1904,Indiana (statewide),2656404,2,17,0,7,229,44,22,16,8,103,163,12
November,1904,Northern counties,889376,0,5,0,2,67,16,4,3,2,37,52,0
November,1904,Central counties,1093418,2,3,0,2,88,16,10,4,3,39,78,4
November,1904,Southern counties,673610,0,9,0,3,74,12,8,9,3,27,33,8
November,1904,Urban,922372,0,4,0,1,80,10,10,5,2,51,68,6
November,1904,Rural,1734032,2,13,0,6,149,34,12,11,6,52,95,6
November,1904,"Cities, class 1",252515,0,0,0,0,28,1,1,0,0,13,15,0
November,1904,"Cities, class 2",126969,0,0,0,1,10,2,1,1,1,5,14,4
November,1904,"Cities, class 3",235662,0,2,0,0,19,1,4,1,0,18,16,0
November,1904,"Cities, class 4",182000,0,2,0,0,13,4,4,1,0,8,19,0
November,1904,"Cities, class 5",125226,0,0,0,0,10,2,0,1,1,7,4,2
December,1904,Indiana (statewide),2656404,6,22,0,10,351,28,30,27,10,121,163,8
December,1904,Northern counties,889376,1,11,0,5,80,14,6,7,6,46,57,0
December,1904,Central counties,1093418,2,3,0,1,170,8,16,15,1,49,65,5
December,1904,Southern counties,673610,3,8,0,4,101,6,8,5,3,26,41,3
December,1904,Urban,922372,0,3,0,5,150,16,18,10,4,49,65,5
December,1904,Rural,1734032,6,19,0,5,201,12,12,17,6,72,98,3
December,1904,"Cities, class 1",252515,0,0,0,0,52,1,3,4,0,9,20,0
December,1904,"Cities, class 2",126969,0,1,0,4,14,6,3,2,2,8,11,2
December,1904,"Cities, class 3",235662,0,1,0,0,34,2,8,1,1,17,14,0
December,1904,"Cities, class 4",182000,0,1,0,1,31,7,3,2,1,7,11,0
December,1904,"Cities, class 5",125226,0,0,0,0,19,0,1,1,0,8,9,3
January,1905,Indiana (statewide),2648549,5,17,0,13,558,29,28,114,19,99,129,7
January,1905,Northern counties,887832,2,1,0,3,137,11,13,39,3,41,35,1
January,1905,Central counties,1087620,2,8,0,4,256,12,11,45,12,39,61,0
January,1905,Southern counties,673097,1,8,0,6,165,6,4,30,4,19,33,6
January,1905,Urban,968204,2,2,0,2,215,11,10,41,7,49,64,1
January,1905,Rural,1686345,3,15,0,11,343,18,18,73,12,50,65,6
January,1905,"Cities, class 1",259221,0,0,0,0,63,0,4,8,3,11,11,0
January,1905,"Cities, class 2",129930,1,0,0,1,32,7,0,3,0,7,14,0
January,1905,"Cities, class 3",252343,0,0,0,1,61,1,3,16,1,11,21,0
January,1905,"Cities, class 4",196779,1,2,0,0,35,0,3,9,1,10,11,0
January,1905,"Cities, class 5",129931,0,0,0,0,24,3,0,5,2,10,7,1
February,1905,Indiana (statewide),2648549,5,11,2,11,738,13,40,229,7,101,122,8
February,1905,Northern counties,887832,2,6,1,5,200,4,15,52,2,36,42,1
February,1905,Central counties,1087620,2,1,0,2,296,5,16,84,1,50,50,3
February,1905,Southern counties,673097,1,4,1,4,242,4,9,93,4,15,30,4
February,1905,Urban,968204,1,2,0,4,255,4,15,61,3,30,62,2
February,1905,Rural,1686345,4,9,2,7,483,9,25,168,4,71,60,6
February,1905,"Cities, class 1",259221,0,0,0,0,64,1,3,9,0,6,14,1
February,1905,"Cities, class 2",129930,0,1,0,1,45,0,2,3,0,8,14,0
February,1905,"Cities, class 3",252343,1,0,0,2,59,2,6,26,1,5,19,0
February,1905,"Cities, class 4",196779,0,0,0,1,49,0,2,17,1,5,8,1
February,1905,"Cities, class 5",129931,0,1,0,0,38,1,2,6,1,6,7,0
March,1905,Indiana (statewide),2648549,5,16,0,15,584,21,45,145,12,107,161,1
March,1905,Northern counties,887832,2,4,0,6,214,4,12,37,3,48,50,0
March,1905,Central counties,1087620,2,9,0,4,212,8,14,62,1,38,66,0
March,1905,Southern counties,673097,1,3,0,5,158,9,19,46,8,21,45,1
March,1905,Urban,968204,2,2,0,5,255,6,26,57,5,48,86,0
March,1905,Rural,1686345,3,14,0,10,329,15,19,88,7,59,75,1
March,1905,"Cities, class 1",259221,0,1,0,0,45,0,4,10,0,2,19,0
March,1905,"Cities, class 2",129930,0,0,0,2,74,1,6,15,1,12,26,0
March,1905,"Cities, class 3",252343,1,0,0,2,47,4,9,11,0,12,16,0
March,1905,"Cities, class 4",196779,0,0,0,1,51,1,2,8,3,12,16,0
March,1905,"Cities, class 5",129931,1,1,0,0,38,0,5,13,1,10,9,0
April,1905,Indiana (statewide),2648549,2,23,3,14,223,18,46,35,15,86,132,4
April,1905,Northern counties,887832,1,5,2,5,65,5,16,11,6,35,39,0
April,1905,Central counties,1087620,0,8,1,4,94,7,15,14,4,37,59,2
April,1905,Southern counties,673097,1,10,0,5,64,6,15,10,5,16,34,2
April,1905,Urban,977802,2,6,1,6,103,9,29,14,5,44,75,2
April,1905,Rural,1670747,0,17,2,8,120,9,17,21,10,42,57,2
April,1905,"Cities, class 1",260046,0,2,0,1,31,2,10,3,1,10,23,1
April,1905,"Cities, class 2",133029,0,0,0,2,15,1,7,3,0,10,14,0
April,1905,"Cities, class 3",258017,1,2,0,0,23,1,6,2,1,11,21,1
April,1905,"Cities, class 4",196779,1,2,0,3,21,4,6,2,2,6,11,0
April,1905,"Cities, class 5",129931,0,0,1,0,13,0,0,4,1,7,6,0
May,1905,Indiana (statewide),2648549,2,11,0,19,170,28,44,16,18,122,140,2
May,1905,Northern counties,887832,1,3,0,4,55,9,16,2,3,57,51,0
May,1905,Central counties,1087620,0,3,0,10,74,9,13,9,8,38,51,0
May,1905,Southern counties,673097,1,5,0,5,41,10,15,5,7,27,38,2
May,1905,Urban,977812,0,3,0,12,80,15,21,8,8,62,60,0
May,1905,Rural,1670737,2,8,0,7,90,13,23,8,10,60,80,2
May,1905,"Cities, class 1",260046,0,1,0,2,29,6,5,2,4,12,18,0
May,1905,"Cities, class 2",159349,0,0,0,2,14,3,4,1,0,7,13,0
May,1905,"Cities, class 3",231707,0,0,0,5,21,1,3,4,1,21,14,0
May,1905,"Cities, class 4",196779,0,1,0,3,9,3,6,1,1,8,9,0
May,1905,"Cities, class 5",129931,0,1,0,0,7,2,3,0,2,14,6,0
June,1905,Indiana (statewide),2648549,2,4,1,9,89,107,25,7,7,120,160,4
June,1905,Northern counties,887832,1,2,0,4,32,14,6,2,3,44,65,4
June,1905,Central counties,1087620,1,1,1,4,39,36,13,4,2,47,64,0
June,1905,Southern counties,673097,0,1,0,1,18,57,6,1,2,29,31,0
June,1905,Urban,977802,1,3,0,6,39,50,12,4,3,62,67,4
June,1905,Rural,1670747,1,1,1,3,50,57,13,3,4,58,93,0
June,1905,"Cities, class 1",260046,0,0,0,1,16,14,3,1,1,13,9,0
June,1905,"Cities, class 2",159349,1,0,0,2,7,8,0,0,0,12,15,4
June,1905,"Cities, class 3",231707,0,1,0,1,10,9,3,2,1,15,22,0
June,1905,"Cities, class 4",196779,0,0,0,2,3,15,4,0,1,11,11,0
June,1905,"Cities, class 5",129931,0,2,0,0,3,4,2,1,0,11,10,0
July,1905,Indiana (statewide),2648549,1,8,0,23,63,361,32,6,9,110,174,3
July,1905,Northern counties,887832,0,2,0,6,26,71,11,1,3,40,61,2
July,1905,Central counties,1087620,1,2,0,11,22,166,18,3,2,47,75,0
July,1905,Southern counties,673097,0,4,0,6,15,124,3,2,4,23,38,1
July,1905,Urban,977812,1,5,0,11,31,161,15,2,4,40,100,2
July,1905,Rural,1670737,0,3,0,12,32,200,17,4,5,70,74,1
July,1905,"Cities, class 1",260046,0,0,0,2,8,53,4,1,1,13,21,0
July,1905,"Cities, class 2",159349,0,2,0,2,6,22,4,0,2,10,24,2
July,1905,"Cities, class 3",231707,1,1,0,2,12,35,1,1,0,10,24,0
July,1905,"Cities, class 4",196779,0,1,0,4,1,33,4,0,1,2,19,0
July,1905,"Cities, class 5",129931,0,1,0,1,4,18,2,0,0,5,12,0
August,1905,Indiana (statewide),2648549,0,6,1,15,61,478,56,1,8,126,190,0
August,1905,Northern counties,887832,0,2,1,3,20,168,18,0,3,46,74,0
August,1905,Central counties,1087620,0,3,0,9,26,204,18,1,4,52,73,0
August,1905,Southern counties,673097,0,1,0,3,15,106,20,0,1,28,43,0
August,1905,Urban,977812,0,4,0,8,39,189,15,1,4,51,92,0
August,1905,Rural,1670737,0,2,1,7,22,289,41,0,4,75,98,0
August,1905,"Cities, class 1",260046,0,2,0,1,11,25,4,0,1,16,20,0
August,1905,"Cities, class 2",159349,0,1,0,2,6,42,3,0,3,10,12,0
August,1905,"Cities, class 3",231707,0,0,0,2,10,55,4,0,0,10,34,0
August,1905,"Cities, class 4",196779,0,0,0,2,11,48,1,1,0,9,18,0
August,1905,"Cities, class 5",129931,0,1,0,1,1,19,3,0,0,6,8,0
October,1905,Indiana (statewide),2648549,3,5,0,14,138,167,29,4,9,100,155,0
September,1905,Indiana (statewide),,,,,,,,,,,,,
September,1905,Northern counties,,,,,,,,,,,,,
September,1905,Central counties,,,,,,,,,,,,,
September,1905,Southern counties,,,,,,,,,,,,,
September,1905,Urban,,,,,,,,,,,,,
September,1905,Rural,,,,,,,,,,,,,
September,1905,"Cities, class 1",,,,,,,,,,,,,
September,1905,"Cities, class 2",,,,,,,,,,,,,
September,1905,"Cities, class 3",,,,,,,,,,,,,
September,1905,"Cities, class 4",,,,,,,,,,,,,
September,1905,"Cities, class 5",,,,,,,,,,,,,
October,1905,Northern counties,887832,2,2,0,3,30,85,8,0,3,34,53,0
October,1905,Central counties,1087620,0,2,0,1,64,42,11,2,2,45,62,0
October,1905,Southern counties,673097,1,1,0,5,44,40,10,2,4,21,40,0
October,1905,Urban,977812,3,4,0,5,71,64,14,3,2,45,75,0
October,1905,Rural,1670737,0,1,0,9,67,103,15,1,7,55,80,0
October,1905,"Cities, class 1",260046,0,2,0,1,19,9,3,1,0,13,20,0
October,1905,"Cities, class 2",159349,0,0,0,0,13,12,2,0,1,6,14,0
October,1905,"Cities, class 3",231707,1,1,0,2,13,12,1,1,1,9,20,0
October,1905,"Cities, class 4",196779,2,0,0,1,15,23,7,1,0,9,13,0
October,1905,"Cities, class 5",129931,0,1,0,1,11,8,1,0,0,8,8,0
November,1905,Indiana (statewide),2648549,9,11,1,10,219,42,32,13,10,120,159,0
November,1905,Northern counties,887832,4,3,0,1,57,15,8,2,3,43,52,0
November,1905,Central counties,1087620,3,5,1,6,89,8,14,7,6,45,66,0
November,1905,Southern counties,673097,2,3,0,3,73,19,10,4,1,32,41,0
November,1905,Urban,977812,3,4,1,5,100,18,12,0,5,55,76,0
November,1905,Rural,1670737,6,7,0,5,119,24,20,13,5,65,83,0
November,1905,"Cities, class 1",260046,1,0,1,0,38,6,6,0,1,18,20,0
November,1905,"Cities, class 2",159349,0,1,0,1,14,4,2,0,0,7,15,0
November,1905,"Cities, class 3",231707,1,1,0,0,20,2,1,0,2,16,14,0
November,1905,"Cities, class 4",196779,0,1,0,1,19,5,1,0,2,7,18,0
November,1905,"Cities, class 5",129931,1,1,0,3,9,1,2,0,0,7,9,0
December,1905,Indiana (statewide),2648549,13,7,0,9,347,21,40,19,15,90,137,1
December,1905,Northern counties,887832,5,3,0,1,101,4,9,7,4,32,50,1
December,1905,Central counties,1087620,2,2,0,7,148,6,18,10,8,31,57,0
December,1905,Southern counties,673097,6,2,0,1,98,11,13,2,3,27,30,0
December,1905,Urban,977812,3,5,0,5,156,4,19,6,6,52,69,1
December,1905,Rural,1670737,10,2,0,4,191,17,21,13,9,38,68,0
December,1905,"Cities, class 1",260046,0,2,0,1,41,1,10,3,0,13,21,0
December,1905,"Cities, class 2",159349,0,0,0,4,33,2,3,1,2,5,13,1
December,1905,"Cities, class 3",231707,1,1,0,0,39,1,2,1,2,13,16,0
December,1905,"Cities, class 4",196779,2,2,0,0,27,0,1,1,1,10,14,0
December,1905,"Cities, class 5",129931,0,0,0,0,16,0,3,0,1,11,5,0
January,1906,Indiana (statewide),2648549,7,8,3,14,415,21,38,45,11,113,122,0
January,1906,Northern counties,887832,4,5,1,3,108,9,9,10,4,39,36,0
January,1906,Central counties,1087620,0,1,2,8,186,11,19,19,3,50,58,0
January,1906,Southern counties,673097,3,2,0,3,121,1,10,16,4,24,28,0
January,1906,Urban,977812,0,2,1,3,180,19,14,17,4,53,70,0
January,1906,Rural,1670737,7,6,2,11,235,2,24,28,7,60,52,0
January,1906,"Cities, class 1",260046,0,1,1,1,59,4,4,3,2,16,20,0
January,1906,"Cities, class 2",159349,0,0,0,0,31,2,2,1,0,6,12,0
January,1906,"Cities, class 3",231707,0,1,0,1,43,2,4,5,2,13,14,0
January,1906,"Cities, class 4",196779,0,0,0,1,35,6,2,6,0,8,20,0
January,1906,"Cities, class 5",129931,0,0,0,0,12,5,2,2,0,10,4,0
February,1906,Indiana (statewide),2648549,2,8,3,12,403,22,40,45,13,95,109,0
February,1906,Northern counties,887832,0,3,3,4,119,12,13,8,4,34,35,0
February,1906,Central counties,1087620,1,4,0,5,165,7,14,20,3,46,56,0
February,1906,Southern counties,673097,1,1,0,3,119,3,13,17,6,15,18,0
February,1906,Urban,977812,0,6,3,5,177,9,17,14,5,43,59,0
February,1906,Rural,1670737,2,2,0,7,226,13,23,31,8,52,50,0
February,1906,"Cities, class 1",260046,0,1,0,0,51,0,2,4,2,12,16,0
February,1906,"Cities, class 2",159349,0,2,1,2,25,2,3,0,0,4,14,0
February,1906,"Cities, class 3",231707,0,2,0,0,37,6,6,2,2,13,7,0
February,1906,"Cities, class 4",196779,0,1,2,3,44,1,4,3,1,11,17,0
February,1906,"Cities, class 5",129931,0,0,0,0,20,0,2,5,0,3,5,0
March,1906,Indiana (statewide),2648549,1,12,0,27,469,25,29,46,4,114,112,0
March,1906,Northern counties,887832,0,8,0,5,137,9,14,12,1,38,34,0
March,1906,Central counties,1087620,0,4,0,12,215,9,10,18,0,48,54,0
March,1906,Southern counties,673097,1,0,0,10,117,7,5,16,3,28,24,0
March,1906,Urban,977812,1,6,0,12,199,14,16,15,1,56,65,0
March,1906,Rural,1670737,0,6,0,15,270,11,13,31,3,58,47,0
March,1906,"Cities, class 1",260046,1,0,0,8,66,5,1,3,1,16,16,0
March,1906,"Cities, class 2",159349,0,1,0,2,43,2,4,1,0,8,16,0
March,1906,"Cities, class 3",231707,0,3,0,0,42,1,0,6,0,14,10,0
March,1906,"Cities, class 4",196779,0,2,0,1,29,4,10,4,0,9,18,0
March,1906,"Cities, class 5",129931,0,0,0,1,19,2,1,1,0,9,5,0
April,1906,Indiana (statewide),2648549,1,8,3,27,386,27,42,28,8,125,124,0
April,1906,Northern counties,887832,0,1,2,5,123,9,15,9,2,42,32,0
April,1906,Central counties,1087620,0,3,1,13,176,9,14,11,4,56,73,0
April,1906,Southern counties,673097,1,4,0,9,87,9,13,8,2,27,19,0
April,1906,Urban,977812,0,4,1,13,169,11,13,13,2,58,67,0
April,1906,Rural,1670737,1,4,2,14,217,16,29,15,6,67,57,0
April,1906,"Cities, class 1",260046,0,2,0,7,52,4,2,4,1,13,18,0
April,1906,"Cities, class 2",159349,0,0,0,0,38,4,4,1,0,10,14,0
April,1906,"Cities, class 3",231707,0,1,0,2,32,2,2,2,1,15,10,0
April,1906,"Cities, class 4",196779,0,0,0,2,24,0,2,6,0,10,13,0
April,1906,"Cities, class 5",129931,0,1,1,2,23,1,3,0,0,10,12,0
May,1906,Indiana (statewide),2648549,0,4,6,35,213,38,40,14,6,128,152,0
May,1906,Northern counties,887832,0,1,3,8,78,16,16,2,2,34,61,0
May,1906,Central counties,1087620,0,0,3,18,95,10,18,7,2,69,57,0
May,1906,Southern counties,673097,0,3,0,9,40,12,6,5,2,25,34,0
May,1906,Urban,977812,0,0,4,15,119,21,24,1,4,55,78,0
May,1906,Rural,1670737,0,4,2,20,94,17,16,13,2,74,74,0
May,1906,"Cities, class 1",260046,0,0,0,7,33,3,7,0,1,19,18,0
May,1906,"Cities, class 2",159349,0,0,0,2,36,5,4,0,1,12,15,0
May,1906,"Cities, class 3",231707,0,0,1,2,19,4,6,0,1,9,23,0
May,1906,"Cities, class 4",196779,0,0,3,4,22,8,6,0,1,12,13,0
May,1906,"Cities, class 5",129931,0,0,0,0,9,1,1,1,0,3,9,0
June,1906,Indiana (statewide),2648549,0,12,4,19,111,68,43,3,10,95,164,0
June,1906,Northern counties,887832,0,5,3,4,45,18,15,1,3,23,59,0
June,1906,Central counties,1087620,0,4,1,10,53,20,16,1,5,46,65,0
June,1906,Southern counties,673097,0,3,0,5,13,30,12,1,2,26,40,0
June,1906,Urban,977812,0,4,3,9,63,40,15,2,6,44,79,0
June,1906,Rural,1670737,0,8,1,10,48,28,28,1,4,51,85,0
June,1906,"Cities, class 1",260046,0,1,0,3,17,15,2,1,1,8,26,0
June,1906,"Cities, class 2",159349,0,2,0,3,16,5,4,0,2,11,17,0
June,1906,"Cities, class 3",231707,0,1,1,2,15,8,4,0,1,9,15,0
June,1906,"Cities, class 4",196779,0,0,2,1,13,7,5,1,1,12,16,0
June,1906,"Cities, class 5",129931,0,0,0,0,2,5,0,0,1,4,5,0
July,1906,Indiana (statewide),2648549,1,7,0,17,85,306,39,3,9,109,208,1
July,1906,Northern counties,887832,0,0,0,4,31,47,12,0,1,39,64,0
July,1906,Central counties,1087620,1,6,0,7,33,137,21,2,2,41,84,0
July,1906,Southern counties,673097,0,1,0,6,21,122,6,1,6,29,60,1
July,1906,Urban,982266,1,2,0,10,42,164,26,1,3,55,96,0
July,1906,Rural,1666283,0,5,0,7,43,142,13,2,6,54,112,1
July,1906,"Cities, class 1",266929,1,1,0,2,19,63,8,1,1,13,19,0
July,1906,"Cities, class 2",155297,0,0,0,3,6,26,3,0,0,12,16,0
July,1906,"Cities, class 3",241848,0,0,0,0,4,25,6,0,1,13,34,0
July,1906,"Cities, class 4",188261,0,0,0,2,12,34,7,0,1,11,11,0
July,1906,"Cities, class 5",129931,0,1,0,3,1,16,2,0,0,6,16,0
August,1906,Indiana (statewide),2648549,1,5,1,8,79,459,40,2,8,123,194,0
August,1906,Northern counties,887832,1,1,1,0,23,161,5,0,1,46,70,0
August,1906,Central counties,1087620,0,1,0,6,36,181,16,2,7,54,86,0
August,1906,Southern counties,673097,0,3,0,2,20,117,19,0,0,23,38,0
August,1906,Urban,982266,0,3,1,4,40,211,19,2,5,51,110,0
August,1906,Rural,1666283,1,2,0,4,39,248,21,0,3,72,84,0
August,1906,"Cities, class 1",266929,0,0,0,2,14,45,3,1,2,11,33,0
August,1906,"Cities, class 2",155297,0,1,0,0,10,46,2,0,0,12,24,0
August,1906,"Cities, class 3",241848,0,0,0,1,7,47,5,1,1,9,24,0
August,1906,"Cities, class 4",188261,0,2,1,0,8,48,6,0,1,14,21,0
August,1906,"Cities, class 5",129931,0,0,0,1,1,25,3,0,1,5,8,0
September,1906,Indiana (statewide),2648549,4,5,0,5,93,426,50,2,6,95,196,2
September,1906,Northern counties,887832,1,2,0,3,29,140,13,0,2,33,59,0
September,1906,Central counties,1087620,2,1,0,1,46,174,22,2,3,38,104,0
September,1906,Southern counties,673097,1,2,0,1,18,112,15,0,1,24,33,2
September,1906,Urban,982266,1,1,0,3,57,173,20,0,4,46,115,0
September,1906,Rural,1666283,3,4,0,2,36,253,30,2,2,49,81,2
September,1906,"Cities, class 1",266929,0,1,0,0,18,47,2,0,1,7,37,0
September,1906,"Cities, class 2",155297,1,0,0,0,12,25,2,0,1,6,27,0
September,1906,"Cities, class 3",241848,0,0,0,2,16,30,6,0,2,17,21,0
September,1906,"Cities, class 4",188261,0,0,0,1,7,45,10,0,0,10,14,0
September,1906,"Cities, class 5",129931,0,0,0,0,4,26,0,0,0,6,16,0
October,1906,Indiana (statewide),2648549,5,9,0,4,176,200,31,7,8,114,179,3
October,1906,Northern counties,887832,1,0,0,1,46,77,8,3,2,38,57,0
October,1906,Central counties,1087620,1,7,0,1,71,60,11,1,5,46,83,0
October,1906,Southern counties,673097,3,2,0,2,59,63,12,3,1,30,39,3
October,1906,Urban,982266,3,3,0,2,93,83,14,3,6,58,96,3
October,1906,Rural,1666283,2,6,0,2,83,117,17,4,2,56,83,0
October,1906,"Cities, class 1",266929,1,1,0,0,35,14,4,0,2,16,24,0
October,1906,"Cities, class 2",155297,0,0,0,0,7,16,2,0,0,8,20,0
October,1906,"Cities, class 3",241848,2,0,0,2,25,25,3,2,3,15,28,0
October,1906,"Cities, class 4",188261,0,2,0,0,17,14,2,1,1,14,14,3
October,1906,"Cities, class 5",129931,0,0,0,0,9,14,3,0,0,5,10,0
November,1906,Indiana (statewide),2648549,2,14,1,6,302,61,23,8,6,91,184,0
November,1906,Northern counties,887832,1,3,0,3,96,22,10,1,1,29,70,0
November,1906,Central counties,1087620,1,5,1,1,108,23,5,3,1,47,73,0
November,1906,Southern counties,673097,0,6,0,2,98,16,8,4,4,15,41,0
November,1906,Urban,982266,0,5,1,6,132,33,13,3,2,45,89,0
November,1906,Rural,1666283,2,9,0,0,170,28,10,5,4,46,95,0
November,1906,"Cities, class 1",266929,0,1,0,0,40,7,4,1,1,11,22,0
November,1906,"Cities, class 2",155297,0,0,0,2,15,6,0,1,0,12,19,0
November,1906,"Cities, class 3",241848,0,0,1,1,32,6,4,1,1,10,22,0
November,1906,"Cities, class 4",188261,0,4,0,3,25,9,3,0,0,9,13,0
November,1906,"Cities, class 5",129931,0,0,0,0,20,5,2,0,0,3,13,0
December,1906,Indiana (statewide),2648549,7,5,2,10,408,31,17,18,12,111,185,1
December,1906,Northern counties,887832,3,1,0,2,130,12,3,9,4,38,53,0
December,1906,Central counties,1087620,1,2,2,2,163,7,6,7,5,51,94,1
December,1906,Southern counties,673097,3,2,0,6,115,12,8,2,3,22,38,0
December,1906,Urban,982266,3,4,2,2,153,13,9,4,5,48,86,1
December,1906,Rural,1666283,4,1,0,8,255,18,8,14,7,63,99,0
December,1906,"Cities, class 1",266929,0,2,0,0,44,3,2,1,2,15,25,1
December,1906,"Cities, class 2",155297,0,0,0,1,30,3,1,1,2,11,26,0
December,1906,"Cities, class 3",241848,2,0,1,1,34,3,5,2,1,8,20,0
December,1906,"Cities, class 4",188261,1,1,0,0,24,3,0,0,0,10,12,0
December,1906,"Cities, class 5",129931,0,1,1,0,21,1,1,0,0,4,3,0
January,1907,Indiana (statewide),2648549,4,6,5,7,427,31,20,62,19,114,140,3
January,1907,Northern counties,887832,4,4,3,3,137,11,4,17,1,41,38,1
January,1907,Central counties,1087620,0,2,1,2,203,11,10,34,13,47,85,2
January,1907,Southern counties,673097,0,0,1,2,87,9,6,11,5,26,17,0
January,1907,Urban,982266,2,4,4,3,201,17,10,25,11,62,73,3
January,1907,Rural,1666283,2,2,1,4,226,14,10,37,8,52,67,0
January,1907,"Cities, class 1",266929,0,0,0,1,65,2,2,7,7,18,22,2
January,1907,"Cities, class 2",155297,1,2,1,0,31,2,5,3,0,11,19,0
January,1907,"Cities, class 3",241848,0,1,0,1,52,6,1,4,0,20,17,1
January,1907,"Cities, class 4",188261,0,1,0,1,32,3,2,4,2,3,8,0
January,1907,"Cities, class 5",129931,1,0,3,0,21,4,0,7,2,10,7,0
February,1907,Indiana (statewide),2648549,1,6,11,6,664,17,20,124,11,95,131,1
February,1907,Northern counties,887832,0,1,1,0,190,10,6,36,6,40,39,1
February,1907,Central counties,1087620,1,4,10,5,304,4,6,53,3,34,61,0
February,1907,Southern counties,673097,0,1,0,1,170,3,8,35,2,21,31,0
February,1907,Urban,982266,0,1,5,1,284,9,7,41,6,42,71,0
February,1907,Rural,1666283,1,5,6,5,380,8,13,83,5,53,60,1
February,1907,"Cities, class 1",266929,0,1,3,0,86,1,2,10,3,13,16,0
February,1907,"Cities, class 2",155297,0,0,1,0,47,1,0,3,1,9,14,0
February,1907,"Cities, class 3",241848,0,0,0,1,62,1,4,15,1,8,20,0
February,1907,"Cities, class 4",188261,0,0,0,0,62,5,1,8,0,7,20,0
February,1907,"Cities, class 5",129931,0,0,1,0,27,1,0,5,1,5,1,0
March,1907,Indiana (statewide),2698559,3,18,15,10,575,28,39,204,17,120,166,0
March,1907,Northern counties,899960,1,4,2,3,181,11,9,75,4,43,47,0
March,1907,Central counties,1122950,1,13,10,3,239,12,17,68,7,51,85,0
March,1907,Southern counties,675649,1,1,3,4,155,5,13,61,6,26,34,0
March,1907,Urban,1032376,1,7,9,2,226,14,20,63,8,62,88,0
March,1907,Rural,1666183,2,11,6,8,349,14,19,141,9,58,78,0
March,1907,"Cities, class 1",386863,0,6,4,0,78,3,4,19,2,26,45,0
March,1907,"Cities, class 2",97740,0,1,0,0,22,0,1,4,2,4,10,0
March,1907,"Cities, class 3",238403,0,0,1,0,45,1,5,18,2,10,16,0
March,1907,"Cities, class 4",179439,1,0,3,2,44,7,7,9,1,9,9,0
March,1907,"Cities, class 5",129931,0,0,1,0,37,3,3,13,1,13,8,0
April,1907,Indiana (statewide),2698559,0,6,42,10,284,18,28,52,29,121,149,1
April,1907,Northern counties,899960,0,2,13,0,88,10,7,11,8,40,58,1
April,1907,Central counties,1122950,0,1,22,6,120,6,15,25,13,51,61,0
April,1907,Southern counties,675649,0,3,7,4,76,2,6,16,8,30,30,0
April,1907,Urban,1032376,0,4,25,5,130,7,12,15,16,66,79,1
April,1907,Rural,1666183,0,2,17,5,154,11,16,37,13,55,70,0
April,1907,"Cities, class 1",386863,0,0,16,1,61,3,6,8,4,27,33,0
April,1907,"Cities, class 2",97740,0,1,1,1,5,1,2,1,1,4,4,0
April,1907,"Cities, class 3",238403,0,3,2,1,27,2,1,3,5,14,21,1
April,1907,"Cities, class 4",179439,0,0,5,2,21,0,3,2,2,12,13,0
April,1907,"Cities, class 5",129931,0,0,1,0,16,1,0,1,4,9,8,0
May,1907,Indiana (statewide),2698559,1,4,19,8,331,36,22,43,19,99,180,1
May,1907,Northern counties,899960,0,3,3,2,118,15,9,17,4,36,55,1
May,1907,Central counties,1122950,1,0,11,2,132,12,10,18,13,36,76,0
May,1907,Southern counties,675649,0,1,5,4,81,9,3,8,2,27,49,0
May,1907,Urban,1032376,0,2,13,5,180,16,12,18,11,49,90,1
May,1907,Rural,1666183,1,2,6,3,151,20,10,25,8,50,90,0
May,1907,"Cities, class 1",386863,0,1,5,1,73,2,1,9,6,16,39,0
May,1907,"Cities, class 2",97740,0,1,5,0,15,0,2,1,4,3,7,1
May,1907,"Cities, class 3",238403,0,0,0,1,37,8,3,4,1,9,28,0
May,1907,"Cities, class 4",179439,0,0,3,2,32,4,4,3,0,10,9,0
May,1907,"Cities, class 5",129931,0,0,0,1,23,2,2,1,0,11,7,0
June,1907,Indiana (statewide),2698559,1,2,16,9,151,86,14,15,12,119,184,1
June,1907,Northern counties,899960,0,0,3,2,45,9,4,6,2,40,70,1
June,1907,Central counties,1122950,1,2,6,3,68,16,7,5,9,51,72,0
June,1907,Southern counties,675649,0,0,7,4,38,61,3,4,1,28,42,0
June,1907,Urban,1032376,1,2,7,4,92,40,6,4,7,57,97,0
June,1907,Rural,1666183,0,0,9,5,59,46,8,11,5,62,87,1
June,1907,"Cities, class 1",386863,0,2,3,0,39,13,1,1,3,20,35,0
June,1907,"Cities, class 2",97740,0,0,0,0,4,2,2,1,1,5,11,0
June,1907,"Cities, class 3",238403,1,0,1,3,25,9,1,1,2,14,20,0
June,1907,"Cities, class 4",179439,0,0,1,1,16,10,1,1,0,10,23,0
June,1907,"Cities, class 5",129931,0,0,2,0,8,6,1,0,1,8,8,0
July,1907,Indiana (statewide),2698559,0,9,14,15,84,415,13,7,13,145,225,0
July,1907,Northern counties,899960,0,3,6,2,27,53,2,1,4,53,73,0
July,1907,Central counties,1122950,0,4,6,6,36,205,5,2,7,63,102,0
July,1907,Southern counties,675649,0,2,2,7,21,157,6,4,2,29,50,0
July,1907,Urban,1032376,0,4,9,8,55,218,7,1,9,71,127,0
July,1907,Rural,1666183,0,5,5,7,29,197,6,6,4,74,98,0
July,1907,"Cities, class 1",386863,0,1,3,3,17,98,1,0,3,26,56,0
July,1907,"Cities, class 2",97740,0,0,0,0,1,29,0,0,2,3,8,0
July,1907,"Cities, class 3",238403,0,3,1,4,14,21,0,1,0,20,23,0
July,1907,"Cities, class 4",179439,0,0,5,1,11,44,6,0,3,10,29,0
July,1907,"Cities, class 5",129931,0,0,0,0,12,26,0,0,1,12,11,0
August,1907,Indiana (statewide),2698559,0,5,5,22,66,542,11,6,11,147,186,0
August,1907,Northern counties,899960,0,1,1,4,19,201,6,1,4,45,77,0
August,1907,Central counties,1122950,0,4,1,10,35,246,2,3,3,74,81,0
August,1907,Southern counties,675649,0,0,3,8,12,95,3,2,4,28,28,0
August,1907,Urban,1032376,0,4,1,15,35,255,6,2,4,61,93,0
August,1907,Rural,1666183,0,1,4,7,31,287,5,4,7,86,93,0
August,1907,"Cities, class 1",386863,0,3,1,6,15,87,1,0,2,27,41,0
August,1907,"Cities, class 2",97740,0,0,0,0,3,33,1,0,0,4,4,0
August,1907,"Cities, class 3",238403,0,0,0,3,8,45,1,1,0,12,24,0
August,1907,"Cities, class 4",179439,0,1,0,5,6,62,2,1,2,12,13,0
August,1907,"Cities, class 5",129931,0,0,0,1,3,28,1,0,0,6,11,0
September,1907,Indiana (statewide),2698559,2,2,1,8,93,280,13,6,8,115,199,0
September,1907,Northern counties,899960,1,1,0,3,26,115,4,0,3,46,62,0
September,1907,Central counties,1122950,1,1,0,3,46,102,4,4,4,43,99,0
September,1907,Southern counties,675649,0,0,1,2,21,63,5,2,1,26,38,0
September,1907,Urban,1032376,0,2,0,6,42,138,3,3,5,48,89,0
September,1907,Rural,1666183,2,0,1,2,51,142,10,3,3,67,110,0
September,1907,"Cities, class 1",386863,0,1,0,0,18,47,0,0,2,20,40,0
September,1907,"Cities, class 2",97740,0,0,0,0,3,19,0,0,0,5,4,0
September,1907,"Cities, class 3",238403,0,0,0,1,6,21,1,0,1,11,17,0
September,1907,"Cities, class 4",179439,0,1,0,3,7,34,2,2,1,10,22,0
September,1907,"Cities, class 5",129931,0,0,0,2,8,17,0,1,1,2,6,0
October,1907,Indiana (statewide),2694185,1,6,1,1,160,153,10,3,5,113,219,0
October,1907,Northern counties,899960,0,1,1,0,53,50,3,0,2,48,76,0
October,1907,Central counties,1118576,0,4,0,0,78,60,4,1,3,47,103,0
October,1907,Southern counties,675649,1,1,0,1,29,43,3,2,0,18,40,0
October,1907,Urban,1028002,0,6,0,0,74,67,4,1,4,52,106,0
October,1907,Rural,1666183,1,0,1,1,86,86,6,2,1,61,113,0
October,1907,"Cities, class 1",386863,0,3,0,0,37,24,3,0,3,19,45,0
October,1907,"Cities, class 2",97740,0,0,0,0,5,11,0,0,0,6,8,0
October,1907,"Cities, class 3",234029,0,2,0,0,15,9,1,1,0,10,22,0
October,1907,"Cities, class 4",179439,0,0,0,0,11,14,0,0,1,13,20,0
October,1907,"Cities, class 5",129931,0,1,0,0,6,9,0,0,0,4,11,0
November,1907,Indiana (statewide),2694185,3,7,3,3,245,43,9,13,9,121,176,0
November,1907,Northern counties,899960,0,3,1,0,69,15,2,4,3,46,72,0
November,1907,Central counties,1118576,1,2,0,1,103,14,4,6,5,46,62,0
November,1907,Southern counties,675649,2,2,2,2,73,14,3,3,1,29,42,0
November,1907,Urban,1028002,0,2,2,1,130,32,0,3,6,50,85,0
November,1907,Rural,1666183,3,5,1,2,115,11,9,10,3,71,91,0
November,1907,"Cities, class 1",386863,0,1,0,0,58,17,0,0,4,15,26,0
November,1907,"Cities, class 2",97740,0,1,0,0,7,3,0,0,1,6,9,0
November,1907,"Cities, class 3",234029,0,0,0,0,31,5,0,1,1,17,27,0
November,1907,"Cities, class 4",179439,0,0,1,1,20,6,0,2,0,6,17,0
November,1907,"Cities, class 5",129931,0,0,1,0,14,1,0,0,0,6,6,0
December,1907,Indiana (statewide),2694185,2,8,9,7,334,29,16,43,9,102,184,0
December,1907,Northern counties,899960,1,4,2,2,112,14,6,11,4,30,66,0
December,1907,Central counties,1118576,0,3,2,3,131,9,6,18,3,43,74,0
December,1907,Southern counties,675649,1,1,5,2,91,6,4,14,2,29,44,0
December,1907,Urban,1028002,1,2,5,2,144,19,5,16,3,52,80,0
December,1907,Rural,1666183,1,6,4,5,190,10,11,27,6,50,104,0
December,1907,"Cities, class 1",386863,0,2,0,0,55,5,2,4,0,17,34,0
December,1907,"Cities, class 2",97740,1,0,0,0,11,2,0,1,0,7,7,0
December,1907,"Cities, class 3",234029,0,0,0,1,35,5,1,4,0,9,15,0
December,1907,"Cities, class 4",179439,0,0,1,1,27,7,1,3,3,13,14,0
December,1907,"Cities, class 5",129931,0,0,4,0,16,0,1,4,0,6,10,0
January,1908,Indiana (statewide),2694185,1,9,7,11,462,30,6,176,12,113,195,0
January,1908,Northern counties,899960,0,3,2,3,150,9,2,53,2,38,67,0
January,1908,Central counties,1118576,1,4,2,5,173,15,2,56,4,57,73,0
January,1908,Southern counties,675649,0,2,3,3,139,6,2,67,6,18,55,0
January,1908,Urban,1028002,0,6,3,10,172,17,3,74,6,53,90,0
January,1908,Rural,1666183,1,3,4,1,290,13,3,102,6,60,105,0
January,1908,"Cities, class 1",386863,0,2,1,3,70,8,0,26,2,28,36,0
January,1908,"Cities, class 2",97740,0,1,0,1,13,2,1,6,0,1,8,0
January,1908,"Cities, class 3",234029,0,1,0,2,50,5,2,19,2,9,20,0
January,1908,"Cities, class 4",179439,0,0,0,4,24,1,0,12,2,8,15,0
January,1908,"Cities, class 5",129931,0,2,2,0,15,1,0,11,0,7,11,0
February,1908,Indiana (statewide),2694185,1,15,53,14,509,37,18,332,13,124,146,1
February,1908,Northern counties,899960,0,9,4,6,154,23,7,98,3,37,54,0
February,1908,Central counties,1118576,1,3,28,5,198,4,6,111,6,54,61,1
February,1908,Southern counties,675649,0,3,21,3,157,10,5,123,4,33,31,0
February,1908,Urban,1028002,1,8,18,7,201,21,4,109,7,54,69,0
February,1908,Rural,1666183,0,7,35,7,308,16,14,223,6,70,77,1
February,1908,"Cities, class 1",386863,1,3,6,1,82,2,1,36,4,27,24,0
February,1908,"Cities, class 2",97740,0,0,0,0,14,5,0,7,1,2,6,0
February,1908,"Cities, class 3",234029,0,3,3,3,49,6,0,28,0,11,18,0
February,1908,"Cities, class 4",179439,0,0,8,2,29,6,2,23,1,10,18,0
February,1908,"Cities, class 5",129931,0,2,1,1,27,2,1,15,1,4,3,0
March,1908,Indiana (statewide),2714744,2,10,47,24,463,37,15,156,21,110,154,2
March,1908,Northern counties,937919,1,5,6,10,149,26,11,42,6,45,49,0
March,1908,Central counties,1042828,0,3,10,9,185,9,0,56,11,38,73,2
March,1908,Southern counties,733997,1,2,31,5,129,2,4,58,4,27,32,0
March,1908,Urban,1020494,1,6,15,12,217,25,6,51,11,50,84,2
March,1908,Rural,1694250,1,4,32,12,246,12,9,105,10,60,70,0
March,1908,"Cities, class 1",386863,0,4,6,1,84,6,0,20,5,20,41,1
March,1908,"Cities, class 2",97232,0,1,0,2,15,3,0,3,1,3,7,0
March,1908,"Cities, class 3",234029,1,0,2,5,37,8,4,18,3,12,13,1
March,1908,"Cities, class 4",179439,0,0,5,2,56,6,2,6,1,6,10,0
March,1908,"Cities, class 5",129931,0,1,2,2,25,2,0,4,1,9,13,0
April,1908,Indiana (statewide),2714744,1,14,44,27,332,35,18,81,14,150,154,2
April,1908,Northern counties,937919,0,10,14,11,114,15,7,20,7,55,52,1
April,1908,Central counties,1042828,0,4,6,11,143,8,8,41,2,65,78,1
April,1908,Southern counties,733997,1,0,24,5,75,12,3,20,5,30,24,0
April,1908,Urban,1020494,0,11,12,14,188,21,9,20,5,83,78,1
April,1908,Rural,1694250,1,3,32,13,144,14,9,61,9,66,76,1
April,1908,"Cities, class 1",386863,0,3,1,6,64,3,5,6,3,29,28,1
April,1908,"Cities, class 2",90232,0,3,0,1,28,0,0,0,1,7,7,0
April,1908,"Cities, class 3",234029,0,0,3,5,44,5,3,5,1,16,12,0
April,1908,"Cities, class 4",179439,0,5,6,2,31,11,1,5,0,21,18,0
April,1908,"Cities, class 5",129931,0,0,2,0,21,2,0,4,0,10,13,0
May,1908,Indiana (statewide),2691263,2,4,25,28,222,44,10,46,4,137,221,0
May,1908,Northern counties,920585,1,4,2,9,78,15,5,16,0,44,94,0
May,1908,Central counties,1044656,0,0,5,9,106,15,4,14,1,55,79,0
May,1908,Southern counties,726022,1,0,18,10,38,14,1,16,3,38,48,0
May,1908,Urban,1051881,0,4,11,11,105,18,4,17,0,65,111,0
May,1908,Rural,1639382,2,0,14,17,118,25,6,29,4,72,110,0
May,1908,"Cities, class 1",405031,0,1,1,7,47,7,0,2,0,20,48,0
May,1908,"Cities, class 2",43599,0,3,0,0,5,1,0,0,0,2,2,0
May,1908,"Cities, class 3",294421,0,0,7,1,27,6,3,10,0,25,27,0
May,1908,"Cities, class 4",174454,0,0,1,0,14,2,0,3,0,7,20,0
May,1908,"Cities, class 5",134376,0,0,2,3,12,2,1,2,0,11,14,0
June,1908,Indiana (statewide),2730144,1,5,8,25,96,102,9,8,13,131,194,3
June,1908,Northern counties,920585,1,3,3,6,33,28,2,2,6,51,70,1
June,1908,Central counties,1087413,0,2,2,7,46,27,4,4,4,58,81,1
June,1908,Southern counties,722146,0,0,3,12,17,47,3,2,3,22,43,1
June,1908,Urban,1048005,1,3,6,12,44,54,5,1,7,64,105,2
June,1908,Rural,1639382,0,2,2,13,52,48,4,7,6,67,89,1
June,1908,"Cities, class 1",405031,0,0,1,7,21,17,1,0,4,21,45,1
June,1908,"Cities, class 2",43599,0,1,0,1,1,3,0,0,0,5,7,0
June,1908,"Cities, class 3",290545,1,2,3,1,10,18,2,1,1,17,34,1
June,1908,"Cities, class 4",174454,0,0,1,3,9,11,0,0,1,9,13,0
June,1908,"Cities, class 5",134376,0,0,1,0,3,5,2,0,1,12,6,0
July,1908,Indiana (statewide),2730144,0,3,2,54,60,312,20,7,11,155,207,0
July,1908,Northern counties,920585,0,2,1,20,23,71,6,1,2,53,81,0
July,1908,Central counties,1087413,0,0,0,16,25,144,8,4,6,74,79,0
July,1908,Southern counties,722146,0,1,1,18,12,97,6,2,3,28,47,0
July,1908,Urban,1048005,0,1,1,23,32,166,7,4,6,60,107,0
July,1908,Rural,1639382,0,2,1,31,28,146,13,3,5,95,100,0
July,1908,"Cities, class 1",405031,0,0,0,10,14,71,3,1,3,22,35,0
July,1908,"Cities, class 2",43599,0,1,0,2,1,11,0,0,0,4,3,0
July,1908,"Cities, class 3",290545,0,0,0,8,10,33,2,0,3,16,31,0
July,1908,"Cities, class 4",174454,0,0,1,1,3,34,0,1,0,12,19,0
July,1908,"Cities, class 5",134376,0,0,0,2,4,17,2,2,0,6,19,0
August,1908,Indiana (statewide),2730144,0,1,1,38,63,405,10,9,3,145,220,0
August,1908,Northern counties,920585,0,1,1,11,20,139,4,4,0,51,69,0
August,1908,Central counties,1087413,0,0,0,12,30,173,2,3,3,52,101,0
August,1908,Southern counties,722146,0,0,0,15,13,93,4,2,0,42,50,0
August,1908,Urban,1048005,0,1,1,17,29,203,2,2,3,71,110,0
August,1908,Rural,1639382,0,0,0,21,34,202,8,7,0,74,110,0
August,1908,"Cities, class 1",405031,0,0,0,5,16,57,1,0,2,21,47,0
August,1908,"Cities, class 2",43599,0,1,0,3,0,11,0,0,0,1,9,0
August,1908,"Cities, class 3",290545,0,0,1,3,8,73,1,0,0,29,26,0
August,1908,"Cities, class 4",174454,0,0,0,5,3,41,0,0,0,8,11,0
August,1908,"Cities, class 5",134376,0,0,0,1,2,21,0,2,1,12,17,0
September,1908,Indiana (statewide),2730144,0,5,1,21,93,302,14,5,7,139,217,0
September,1908,Northern counties,920585,0,2,1,9,26,127,4,0,1,60,78,0
September,1908,Central counties,1087413,0,0,0,6,36,104,7,5,2,56,84,0
September,1908,Southern counties,722146,0,3,0,6,31,71,3,0,4,23,55,0
September,1908,Urban,1048005,0,3,1,12,39,142,4,2,2,63,94,0
September,1908,Rural,1639382,0,2,0,9,54,160,10,3,5,76,123,0
September,1908,"Cities, class 1",405031,0,1,0,2,12,34,0,0,0,20,44,0
September,1908,"Cities, class 2",43599,0,0,0,3,2,5,0,0,0,5,5,0
September,1908,"Cities, class 3",290545,0,2,0,4,15,51,1,0,1,17,25,0
September,1908,"Cities, class 4",174454,0,0,0,1,8,31,2,0,1,12,14,0
September,1908,"Cities, class 5",134376,0,0,1,2,2,21,1,2,0,9,6,0
October,1908,Indiana (statewide),2730144,2,4,4,7,130,182,12,4,9,160,186,0
October,1908,Northern counties,920585,0,2,4,3,37,71,5,2,0,64,62,0
October,1908,Central counties,1087413,1,2,0,1,55,75,6,1,4,60,90,0
October,1908,Southern counties,722146,1,0,0,4,38,36,1,1,5,36,34,0
October,1908,Urban,1048005,0,1,1,6,67,89,5,2,5,76,90,0
October,1908,Rural,1639382,2,3,3,1,63,93,7,2,4,84,96,0
October,1908,"Cities, class 1",405031,0,0,1,0,24,31,3,0,3,32,30,0
October,1908,"Cities, class 2",43599,0,0,0,1,1,7,0,0,0,4,6,0
October,1908,"Cities, class 3",290545,0,1,0,2,18,24,1,1,1,20,27,0
October,1908,"Cities, class 4",174454,0,0,0,1,18,14,0,1,1,11,17,0
October,1908,"Cities, class 5",134376,0,0,0,2,6,13,1,0,0,9,10,0
November,1908,Indiana (statewide),2730144,4,5,0,20,219,77,8,21,8,136,176,0
November,1908,Northern counties,920585,0,1,0,8,72,18,3,2,2,41,68,0
November,1908,Central counties,1087413,2,1,0,2,86,33,3,10,1,59,62,0
November,1908,Southern counties,722146,2,3,0,10,61,26,2,9,5,36,46,0
November,1908,Urban,1048005,1,1,0,6,106,34,1,4,5,58,93,0
November,1908,Rural,1639382,3,4,0,14,113,43,7,17,3,78,83,0
November,1908,"Cities, class 1",405031,1,1,0,1,38,12,0,1,0,24,35,0
November,1908,"Cities, class 2",43599,0,0,0,0,6,3,0,0,1,2,2,0
November,1908,"Cities, class 3",290545,0,0,0,1,25,7,1,2,1,15,35,0
November,1908,"Cities, class 4",174454,0,0,0,4,15,7,0,1,3,12,12,0
November,1908,"Cities, class 5",134376,0,0,0,0,22,5,0,0,0,5,9,0
December,1908,Indiana (statewide),2730144,3,8,0,11,262,29,6,30,7,126,140,2
December,1908,Northern counties,920585,1,5,0,6,84,11,1,6,3,35,50,0
December,1908,Central counties,1087413,1,2,0,2,107,13,4,15,3,59,57,2
December,1908,Southern counties,722146,1,1,0,3,71,5,1,9,1,32,33,0
December,1908,Urban,1048005,1,5,0,8,116,16,1,10,4,59,82,1
December,1908,Rural,1639382,2,3,0,3,146,13,5,20,3,67,58,1
December,1908,"Cities, class 1",405031,0,1,0,0,47,2,0,7,2,31,33,0
December,1908,"Cities, class 2",43599,0,1,0,0,4,2,0,0,0,2,3,0
December,1908,"Cities, class 3",290545,1,2,0,5,30,5,1,2,2,15,24,1
December,1908,"Cities, class 4",174454,0,0,0,1,16,5,0,1,0,9,13,0
December,1908,"Cities, class 5",134376,0,1,0,2,19,2,0,0,0,2,9,0
January,1909,Indiana (statewide),2730144,2,9,5,20,367,26,4,41,13,124,158,0
January,1909,Northern counties,920585,0,2,4,5,114,10,3,12,4,51,57,0
January,1909,Central counties,1087413,0,5,1,9,151,8,1,15,5,50,61,0
January,1909,Southern counties,722146,2,2,0,6,102,8,0,14,4,23,40,0
January,1909,Urban,1048005,0,2,3,12,156,12,1,16,7,56,88,0
January,1909,Rural,1639382,2,7,2,8,211,14,3,25,6,68,70,0
January,1909,"Cities, class 1",405031,0,0,1,0,53,5,0,3,4,19,40,0
January,1909,"Cities, class 2",43599,0,1,0,0,3,0,0,1,0,1,4,0
January,1909,"Cities, class 3",290545,0,0,2,9,49,6,1,4,2,18,22,0
January,1909,"Cities, class 4",147454,0,1,0,2,29,0,0,3,0,12,15,0
January,1909,"Cities, class 5",134376,0,0,0,1,22,1,0,5,1,6,7,0
February,1909,Indiana (statewide),,,,,,,,,,,,,
February,1909,Northern counties,,,,,,,,,,,,,
February,1909,Central counties,,,,,,,,,,,,,
February,1909,Southern counties,,,,,,,,,,,,,
February,1909,Urban,,,,,,,,,,,,,
February,1909,Rural,,,,,,,,,,,,,
February,1909,"Cities, class 1",,,,,,,,,,,,,
February,1909,"Cities, class 2",,,,,,,,,,,,,
February,1909,"Cities, class 3",,,,,,,,,,,,,
February,1909,"Cities, class 4",,,,,,,,,,,,,
February,1909,"Cities, class 5",,,,,,,,,,,,,
March,1909,Indiana (statewide),2732549,4,6,22,53,574,44,9,131,7,147,191,0
March,1909,Northern counties,920585,1,5,12,20,206,25,5,31,3,55,64,0
March,1909,Central counties,1089818,1,1,10,25,237,12,3,59,2,65,81,0
March,1909,Southern counties,722146,2,0,0,8,131,7,1,41,2,27,46,0
March,1909,Urban,1050410,2,3,12,14,236,25,2,51,2,75,100,0
March,1909,Rural,1682139,2,3,10,39,338,19,7,80,5,72,91,0
March,1909,"Cities, class 1",405031,0,1,2,2,94,8,0,14,0,30,49,0
March,1909,"Cities, class 2",43599,1,0,5,0,10,3,0,1,0,4,9,0
March,1909,"Cities, class 3",300545,1,0,1,5,52,8,1,15,1,22,24,0
March,1909,"Cities, class 4",166859,0,2,2,1,46,3,1,11,0,11,11,0
March,1909,"Cities, class 5",134376,0,0,2,6,34,3,0,10,1,8,7,0
April,1909,Indiana (statewide),2732549,0,9,36,48,452,46,6,141,6,134,176,1
April,1909,Northern counties,920585,0,5,9,16,142,23,1,37,0,55,64,0
April,1909,Central counties,1089818,0,4,24,14,193,8,4,57,4,59,70,1
April,1909,Southern counties,722146,0,0,3,18,117,15,1,47,2,20,42,0
April,1909,Urban,1050410,0,7,14,9,197,25,3,47,1,66,99,1
April,1909,Rural,1682139,0,2,22,39,255,21,3,94,5,68,77,0
April,1909,"Cities, class 1",405031,0,2,3,3,75,3,0,15,0,27,39,0
April,1909,"Cities, class 2",43599,0,1,0,0,7,2,0,1,0,0,6,0
April,1909,"Cities, class 3",300545,0,2,1,3,56,14,1,13,0,18,33,1
April,1909,"Cities, class 4",166859,0,2,3,3,33,2,1,7,0,11,13,0
April,1909,"Cities, class 5",134376,0,0,7,0,26,4,1,11,1,10,8,0
May,1909,Indiana (statewide),2732549,2,14,26,37,203,35,12,43,10,151,172,1
May,1909,Northern counties,920585,1,8,16,14,81,15,3,11,2,53,50,0
May,1909,Central counties,1089818,1,3,6,11,76,7,5,16,7,77,96,1
May,1909,Southern counties,722146,0,3,4,12,46,13,4,16,1,21,26,0
May,1909,Urban,1050410,1,6,9,15,91,16,2,16,6,63,105,1
May,1909,Rural,1682139,1,8,17,22,112,19,10,27,4,88,67,0
May,1909,"Cities, class 1",405031,0,1,1,3,35,1,1,3,3,26,61,0
May,1909,"Cities, class 2",43599,0,1,0,1,4,2,0,1,1,0,3,0
May,1909,"Cities, class 3",300545,0,3,5,5,28,9,1,4,1,19,23,1
May,1909,"Cities, class 4",166859,0,0,1,5,11,3,0,3,0,7,10,0
May,1909,"Cities, class 5",134376,1,1,2,1,13,1,0,5,1,11,8,0
June,1909,Indiana (statewide),2732549,1,6,12,21,72,155,7,7,2,129,200,0
June,1909,Northern counties,920585,0,3,6,8,31,25,1,3,1,47,77,0
June,1909,Central counties,1089818,1,2,2,6,29,51,4,2,1,57,76,0
June,1909,Southern counties,722146,0,1,4,7,12,79,2,2,0,25,47,0
June,1909,Urban,1050410,0,3,6,9,36,64,3,2,0,58,106,0
June,1909,Rural,1682139,1,3,6,12,36,91,4,5,2,71,94,0
June,1909,"Cities, class 1",405031,0,0,2,1,13,23,1,0,0,27,48,0
June,1909,"Cities, class 2",43599,0,0,1,0,2,6,0,0,0,2,8,0
June,1909,"Cities, class 3",300545,0,2,1,2,15,23,2,1,0,13,31,0
June,1909,"Cities, class 4",166859,0,1,1,4,4,8,0,0,0,8,11,0
June,1909,"Cities, class 5",134376,0,0,1,2,2,4,0,1,0,8,8,0
July,1909,Indiana (statewide),2732550,0,9,12,25,61,454,14,9,8,151,196,2
July,1909,Northern counties,920585,0,4,6,5,15,106,3,3,1,43,70,0
July,1909,Central counties,1089818,0,5,2,10,36,211,6,4,4,77,77,1
July,1909,Southern counties,722147,0,0,4,10,10,137,5,2,3,31,49,1
July,1909,Urban,1050310,0,5,8,10,35,213,6,4,6,79,108,1
July,1909,Rural,1682240,0,4,4,15,26,241,8,5,2,72,88,1
July,1909,"Cities, class 1",405031,0,1,3,2,19,71,1,1,5,34,42,0
July,1909,"Cities, class 2",43599,0,1,1,0,1,15,0,0,0,5,5,0
July,1909,"Cities, class 3",300545,0,3,2,5,10,58,3,2,1,22,34,0
July,1909,"Cities, class 4",166859,0,0,2,2,3,47,2,1,0,11,12,0
July,1909,"Cities, class 5",134276,0,0,0,1,2,22,0,0,0,7,15,1
August,1909,Indiana (statewide),2732550,1,7,6,39,57,467,8,3,3,154,233,0
August,1909,Northern counties,920585,1,3,2,9,14,180,3,0,2,53,79,0
August,1909,Central counties,1089818,0,1,2,18,26,198,3,3,1,74,109,0
August,1909,Southern counties,722147,0,3,2,12,17,89,2,0,0,27,45,0
August,1909,Urban,1050310,0,6,3,20,26,210,2,1,3,78,118,0
August,1909,Rural,1682240,1,1,3,19,31,257,6,2,0,76,115,0
August,1909,"Cities, class 1",405031,0,2,1,10,12,54,2,0,1,32,50,0
August,1909,"Cities, class 2",43599,0,1,0,0,0,17,0,0,0,7,3,0
August,1909,"Cities, class 3",300545,0,1,1,5,8,70,0,1,1,18,31,0
August,1909,"Cities, class 4",166859,0,1,1,5,2,39,0,0,0,11,22,0
August,1909,"Cities, class 5",134276,0,1,0,0,4,30,0,0,1,10,12,0
September,1909,Indiana (statewide),2732550,1,6,3,16,86,291,13,7,13,145,179,0
September,1909,Northern counties,920585,0,3,3,3,18,126,2,3,6,51,51,0
September,1909,Central counties,1089818,1,2,0,5,51,105,7,2,5,69,78,0
September,1909,Southern counties,722147,0,1,0,8,17,60,4,2,2,25,50,0
September,1909,Urban,1050310,0,2,0,7,39,133,7,1,6,86,86,0
September,1909,Rural,1682240,1,4,3,9,47,158,6,6,7,59,93,0
September,1909,"Cities, class 1",405031,0,2,0,2,19,33,1,1,2,42,40,0
September,1909,"Cities, class 2",43599,0,0,0,0,1,13,0,0,0,2,3,0
September,1909,"Cities, class 3",300545,0,0,0,1,10,39,2,0,2,21,18,0
September,1909,"Cities, class 4",166859,0,0,0,3,8,21,4,0,2,12,10,0
September,1909,"Cities, class 5",134276,0,0,0,1,1,27,0,0,0,9,15,0
October,1909,Indiana (statewide),2732550,3,18,0,13,165,132,10,5,7,143,190,0
October,1909,Northern counties,920585,1,4,0,2,58,50,5,1,4,54,68,0
October,1909,Central counties,1089818,0,7,0,6,81,46,3,3,2,59,88,0
October,1909,Southern counties,722147,2,7,0,5,26,36,2,1,1,30,34,0
October,1909,Urban,1050310,0,9,0,8,93,68,6,0,3,74,103,0
October,1909,Rural,1682240,3,9,0,5,72,64,4,5,4,69,87,0
October,1909,"Cities, class 1",405031,0,8,0,3,36,19,2,0,1,34,45,0
October,1909,"Cities, class 2",43599,0,0,0,0,6,5,0,0,1,2,3,0
October,1909,"Cities, class 3",300545,0,1,0,2,33,27,2,0,0,16,35,0
October,1909,"Cities, class 4",166859,0,0,0,1,9,9,1,0,1,10,10,0
October,1909,"Cities, class 5",134276,0,0,0,2,9,8,1,0,0,12,10,0
November,1909,Indiana (statewide),2732550,4,16,3,11,201,44,7,12,8,140,176,1
November,1909,Northern counties,920585,1,6,0,2,59,13,4,2,2,40,64,1
November,1909,Central counties,1089818,1,6,2,4,97,19,2,7,4,66,76,0
November,1909,Southern counties,722147,2,4,1,5,45,12,1,3,2,34,36,0
November,1909,Urban,1050310,1,8,2,2,106,23,4,6,3,67,80,1
November,1909,Rural,1682240,3,8,1,9,95,21,3,6,5,73,96,0
November,1909,"Cities, class 1",405031,0,2,2,0,46,8,2,1,2,30,29,1
November,1909,"Cities, class 2",43599,0,0,0,0,4,6,1,0,1,0,0,0
November,1909,"Cities, class 3",300545,0,5,0,1,27,2,1,1,0,17,30,0
November,1909,"Cities, class 4",166859,1,1,0,0,18,2,0,3,0,13,11,0
November,1909,"Cities, class 5",134276,0,0,0,1,11,5,0,1,0,7,10,0
December,1909,Indiana (statewide),2732550,3,22,4,14,283,37,3,26,8,137,195,0
December,1909,Northern counties,920585,1,7,0,1,83,19,1,7,3,53,52,0
December,1909,Central counties,1089818,2,9,3,8,126,14,2,9,4,57,91,0
December,1909,Southern counties,722147,0,6,1,5,74,4,0,10,1,27,52,0
December,1909,Urban,1050310,1,10,2,6,140,24,1,14,5,63,114,0
December,1909,Rural,1682240,2,12,2,8,143,13,2,12,3,74,81,0
December,1909,"Cities, class 1",405031,0,3,1,4,65,7,1,8,3,27,43,0
December,1909,"Cities, class 2",43599,1,0,0,0,6,3,0,0,0,2,3,0
December,1909,"Cities, class 3",300545,0,7,1,0,31,12,0,0,2,20,37,0
December,1909,"Cities, class 4",166859,0,0,0,1,23,2,0,3,0,5,16,0
December,1909,"Cities, class 5",134276,0,0,0,1,15,0,0,3,0,9,15,0
